<?xml version="1.0" encoding="UTF-8" standalone="yes"?>
<addon id="script.module.websockets"
       name="Python Websockets"
       version="1.0.0"
       provider-name="x-stride">
    <requires>
        <import addon="xbmc.python" version="3.0.0"/>
    </requires>
    <extension library="lib" point="xbmc.python.module"/>
    <extension point="xbmc.addon.metadata">
        <platform>all</platform>
        <news>websockets shamefully copied from https://github.com/aaugustin/websockets</news>
        <news>See https://websockets.readthedocs.io/en/stable/intro/index.html for details</news>
        <summary lang="en_GB">Python Websockets</summary>
        <description lang="en_GB">It works for me</description>
    </extension>
</addon>
