<?xml version="1.0" encoding="UTF-8" standalone="yes"?>
<addon id="service.websockets.echo"
       name="Asyncio WS Echo Client"
       version="1.0.0"
       provider-name="x-stride">
    <requires>
        <import addon="xbmc.python" version="3.0.0"/>
        <import addon="script.module.websockets" version="1.0.0"/>
    </requires>
    <extension point="xbmc.service" library="service.py"/>
    <extension point="xbmc.addon.metadata">
        <platform>all</platform>
        <news>POC</news>
        <summary lang="en_GB">Asyncio WS Echo Client</summary>
        <description lang="en_GB">Asyncio WS Echo Client, Python Websockets</description>
    </extension>
</addon>
